answer_description,question,created_user
Advanced interactive success,331,2
Enhanced 4th generation analyzer,813,6
Inverse client-server contingency,464,4
Virtual optimal algorithm,823,2
Function-based actuating implementation,850,7
Extended upward-trending adapter,224,2
Monitored system-worthy Graphic Interface,348,8
Secured 5th generation orchestration,125,3
Polarised static encryption,253,4
Progressive bifurcated encoding,439,2
Team-oriented 3rd generation orchestration,634,1
Implemented zero administration middleware,760,4
User-friendly fresh-thinking implementation,453,2
Advanced local utilisation,849,4
Reverse-engineered attitude-oriented project,722,6
Versatile intangible knowledge user,396,6
Object-based background infrastructure,343,5
Total client-server internet solution,927,7
Re-engineered systemic methodology,987,8
Assimilated dynamic policy,239,7
Business-focused radical analyzer,530,3
Enhanced scalable neural-net,44,7
Persevering 24/7 capacity,891,7
Visionary homogeneous help-desk,941,4
Organized holistic Graphic Interface,73,2
Innovative actuating moratorium,495,4
Multi-lateral global flexibility,571,1
Innovative incremental approach,366,6
Phased client-driven array,474,2
Sharable cohesive array,121,2
Enterprise-wide leading edge secured line,789,7
Exclusive interactive application,128,5
Profit-focused coherent throughput,262,6
Up-sized responsive model,128,2
Open-source didactic approach,831,2
Balanced bi-directional infrastructure,823,3
Intuitive transitional installation,29,1
Digitized zero tolerance frame,87,1
Persevering tertiary forecast,854,4
Multi-tiered 3rd generation definition,18,2
Self-enabling regional capability,856,7
Monitored system-worthy core,556,8
Down-sized mission-critical algorithm,319,2
Cloned national framework,405,3
Optional encompassing installation,269,4
Enterprise-wide global array,465,4
Front-line static migration,124,7
Assimilated full-range instruction set,183,2
Managed hybrid functionalities,758,4
De-engineered dynamic moderator,358,1
Up-sized tangible challenge,607,7
Streamlined responsive array,236,7
Balanced analyzing approach,299,7
Cross-platform context-sensitive superstructure,942,5
Universal human-resource local area network,534,1
Optional mobile protocol,807,1
Devolved composite approach,693,7
Up-sized even-keeled capability,708,6
Multi-channelled impactful info-mediaries,303,6
Managed transitional core,210,4
Total radical groupware,979,4
Extended system-worthy flexibility,797,7
Universal transitional alliance,511,2
Business-focused homogeneous access,485,1
Realigned intangible synergy,848,3
Networked zero tolerance monitoring,238,8
Down-sized tertiary archive,985,4
Progressive zero defect middleware,232,2
Organized solution-oriented interface,732,2
Enterprise-wide exuding time-frame,464,4
Adaptive multi-tasking protocol,140,8
Customizable coherent product,659,6
Centralized dedicated data-warehouse,139,2
Operative responsive application,260,3
Operative global methodology,260,3
Managed multimedia paradigm,175,8
Reverse-engineered multimedia array,287,1
User-friendly global Graphical User Interface,572,1
Mandatory motivating portal,410,4
Reduced client-driven archive,65,7
Managed heuristic implementation,42,1
Optional multi-tasking infrastructure,381,8
Reduced dynamic hierarchy,736,3
User-friendly cohesive adapter,985,4
Total methodical moratorium,9,5
Up-sized non-volatile intranet,227,8
Customer-focused 5th generation protocol,517,8
Up-sized actuating open system,694,7
De-engineered multi-state alliance,184,8
Multi-lateral bandwidth-monitored budgetary management,642,1
Multi-channelled context-sensitive intranet,860,4
Synergized intermediate implementation,172,4
Secured high-level functionalities,388,2
Managed content-based initiative,355,2
Object-based object-oriented methodology,485,8
Cloned systemic standardization,850,5
Triple-buffered value-added contingency,280,2
Compatible object-oriented customer loyalty,628,7
Advanced regional help-desk,430,2
Profit-focused mission-critical pricing structure,178,4
User-friendly zero administration budgetary management,418,7
Organized analyzing algorithm,14,4
Function-based real-time projection,297,4
Optimized holistic support,489,5
Innovative non-volatile toolset,900,6
Future-proofed bi-directional process improvement,94,1
Multi-channelled analyzing protocol,810,8
Optimized homogeneous access,673,2
Object-based background intranet,415,2
Advanced optimal open system,391,3
Advanced non-volatile matrix,978,4
Quality-focused real-time open architecture,553,4
Self-enabling high-level capability,381,8
Open-architected disintermediate collaboration,477,1
Grass-roots actuating definition,434,2
Phased dynamic hub,149,3
Networked composite solution,331,3
Robust non-volatile customer loyalty,80,7
Organic directional structure,576,7
Multi-lateral composite process improvement,145,5
Synergistic 4th generation encryption,279,7
Proactive grid-enabled implementation,649,6
Programmable well-modulated contingency,715,8
Cross-group empowering circuit,887,2
Inverse foreground workforce,711,4
Organic explicit middleware,594,8
Secured stable capacity,454,6
Inverse non-volatile groupware,534,1
Open-architected 24/7 hub,488,5
Persistent solution-oriented solution,887,2
User-friendly high-level circuit,987,1
Organic logistical encryption,51,6
Quality-focused fault-tolerant task-force,80,2
Switchable multi-state knowledge user,607,2
Quality-focused motivating customer loyalty,644,6
Centralized empowering project,977,8
Enterprise-wide national functionalities,975,5
Persevering 5th generation process improvement,569,4
Centralized mission-critical software,656,8
Stand-alone intangible time-frame,750,4
Robust regional strategy,584,6
Inverse impactful alliance,458,5
Intuitive full-range service-desk,766,3
Organic tangible open system,159,4
Exclusive contextually-based model,837,4
Multi-layered fault-tolerant service-desk,485,6
Optimized optimal projection,918,2
Enhanced tangible knowledge user,826,6
Polarised discrete frame,91,5
Monitored interactive collaboration,397,7
Cloned multi-state orchestration,709,7
Multi-lateral reciprocal moratorium,122,6
Devolved secondary open architecture,406,4
Persevering needs-based service-desk,637,8
Team-oriented non-volatile access,270,2
Reactive real-time structure,198,1
Multi-channelled national extranet,492,6
Diverse explicit moderator,724,7
User-friendly explicit capability,753,8
Down-sized 24/7 budgetary management,162,8
Quality-focused analyzing support,666,8
Sharable foreground time-frame,710,3
Enhanced stable policy,531,2
Monitored full-range methodology,837,5
Pre-emptive asynchronous implementation,869,7
Sharable systemic functionalities,573,5
Digitized 4th generation frame,248,7
Customizable upward-trending access,342,1
Stand-alone zero administration orchestration,617,6
Visionary responsive system engine,815,7
Progressive 3rd generation software,372,5
Re-contextualized full-range leverage,335,7
Upgradable reciprocal software,655,8
Progressive scalable application,919,8
Distributed client-driven moratorium,307,2
Innovative responsive productivity,237,4
Virtual multi-tasking interface,173,3
Operative composite middleware,284,2
Multi-channelled exuding protocol,240,1
Up-sized 4th generation hardware,226,5
Reactive clear-thinking archive,940,1
Phased directional algorithm,146,7
Business-focused directional neural-net,764,4
Enhanced zero administration middleware,925,2
Polarised bottom-line neural-net,292,8
Multi-tiered logistical contingency,463,5
Compatible value-added artificial intelligence,132,5
Synergized maximized customer loyalty,327,3
Distributed demand-driven matrices,477,8
Open-source client-driven task-force,922,6
Profound cohesive alliance,672,2
Operative hybrid info-mediaries,684,6
Open-architected motivating capacity,882,3
Re-contextualized full-range analyzer,730,8
Digitized explicit moratorium,839,1
Multi-tiered radical budgetary management,462,8
De-engineered logistical application,492,1
Synergistic hybrid analyzer,360,5
Fundamental bottom-line emulation,516,6
Switchable motivating emulation,706,1
Devolved full-range projection,873,4
Ameliorated background function,441,3
Programmable multi-tasking moratorium,586,8
Persistent motivating architecture,337,6
Extended contextually-based product,894,2
Visionary regional model,941,5
Upgradable discrete help-desk,267,5
Reverse-engineered didactic neural-net,920,4
Configurable tangible support,640,8
Managed value-added website,124,6
Organic clear-thinking access,383,2
Balanced 3rd generation encryption,662,2
Automated foreground initiative,232,7
Optimized disintermediate system engine,403,1
Horizontal zero tolerance implementation,514,8
Diverse background firmware,535,7
Versatile 3rd generation process improvement,669,7
Pre-emptive background portal,254,5
Persevering encompassing instruction set,711,1
Fundamental radical approach,712,5
Assimilated fresh-thinking application,179,1
Configurable incremental secured line,826,4
Multi-layered executive algorithm,999,6
Extended maximized complexity,490,4
Operative web-enabled adapter,702,6
Automated uniform collaboration,392,6
Decentralized 4th generation methodology,980,5
Horizontal grid-enabled implementation,91,2
Progressive grid-enabled moderator,232,5
Virtual stable internet solution,872,2
Open-source logistical matrix,63,1
Pre-emptive foreground matrices,414,3
Versatile content-based Graphic Interface,610,2
Realigned client-driven time-frame,987,8
Seamless web-enabled artificial intelligence,730,6
Multi-tiered didactic task-force,841,1
Total motivating paradigm,305,4
Up-sized 24/7 capacity,490,8
Vision-oriented regional paradigm,209,5
Team-oriented grid-enabled hardware,261,2
Fully-configurable contextually-based protocol,134,7
Multi-tiered zero administration concept,541,7
Centralized eco-centric initiative,864,7
Automated non-volatile collaboration,449,5
Open-architected analyzing capability,808,3
Open-architected radical matrices,631,2
Stand-alone human-resource attitude,70,1
Open-architected next generation standardization,642,8
Programmable holistic time-frame,990,3
Reactive object-oriented access,51,1
Public-key neutral matrices,311,6
Open-source impactful moratorium,763,1
Horizontal foreground firmware,356,8
Upgradable radical forecast,415,1
Self-enabling disintermediate instruction set,5,8
Inverse even-keeled solution,607,4
Phased context-sensitive project,433,2
Upgradable 3rd generation workforce,445,8
Cross-group human-resource workforce,925,2
Enterprise-wide disintermediate secured line,132,8
Synergistic 4th generation frame,529,7
Ameliorated multi-tasking internet solution,234,2
Quality-focused 3rd generation collaboration,518,2
Streamlined didactic structure,556,3
Customer-focused disintermediate forecast,13,3
Ameliorated web-enabled time-frame,833,3
Reactive actuating frame,220,8
Virtual even-keeled frame,79,7
Focused regional database,649,5
Exclusive 4th generation circuit,601,1
Universal stable initiative,315,3
Switchable attitude-oriented matrices,744,3
Quality-focused analyzing extranet,811,3
Adaptive value-added leverage,107,2
Robust encompassing complexity,656,2
Multi-layered web-enabled approach,416,5
Polarised secondary paradigm,509,6
Customer-focused heuristic neural-net,17,4
Fundamental explicit contingency,174,1
Customer-focused explicit forecast,632,5
Synergistic bi-directional migration,642,2
Adaptive client-server software,289,5
Open-architected motivating policy,50,8
Enhanced disintermediate emulation,667,4
Balanced logistical Graphical User Interface,238,6
Distributed local firmware,538,2
Versatile 4th generation circuit,35,4
Multi-lateral contextually-based open architecture,598,4
Reactive next generation adapter,361,8
Enterprise-wide executive monitoring,58,8
Reduced bottom-line local area network,101,8
Devolved dynamic array,934,3
Multi-tiered contextually-based encoding,672,7
User-friendly reciprocal open system,788,2
Inverse background project,37,5
Operative web-enabled middleware,50,5
Optional human-resource groupware,578,2
Function-based holistic functionalities,922,6
Synergized value-added website,891,6
Cross-platform non-volatile model,26,5
User-friendly neutral flexibility,547,1
Exclusive stable strategy,679,8
Intuitive multimedia concept,909,5
Diverse modular support,628,6
Configurable human-resource pricing structure,609,7
Profound hybrid initiative,211,4
Upgradable heuristic algorithm,708,7
Exclusive clear-thinking alliance,273,6
Intuitive content-based solution,667,7
Secured methodical website,724,7
Proactive client-driven software,668,2
Reverse-engineered asymmetric portal,400,1
Synergized transitional website,73,5
Reactive actuating matrix,574,6
Total explicit extranet,449,1
Team-oriented systemic intranet,419,5
Centralized responsive initiative,56,3
Focused solution-oriented intranet,688,2
Organic background analyzer,263,8
Devolved bottom-line info-mediaries,575,4
Cross-platform discrete forecast,145,8
Ameliorated zero administration core,176,3
Horizontal mission-critical adapter,489,8
Extended secondary interface,793,2
Face to face fresh-thinking project,140,1
Synergized 4th generation focus group,722,2
Self-enabling mission-critical implementation,403,7
Exclusive secondary superstructure,6,2
Programmable contextually-based emulation,374,6
Switchable zero defect attitude,89,3
Down-sized regional approach,337,6
Innovative discrete frame,871,8
Programmable reciprocal extranet,404,7
Team-oriented secondary Graphical User Interface,307,4
Operative object-oriented solution,819,7
Decentralized human-resource approach,713,7
Versatile 5th generation array,824,6
Assimilated multi-tasking open system,236,1
Sharable zero tolerance extranet,375,5
Future-proofed bifurcated protocol,342,7
Seamless empowering strategy,89,5
Upgradable homogeneous emulation,415,4
Reverse-engineered next generation neural-net,597,8
Future-proofed client-driven software,610,5
Right-sized local local area network,405,8
Re-contextualized static structure,692,2
Implemented explicit benchmark,525,1
Function-based homogeneous standardization,202,5
Cloned bottom-line hub,430,7
Virtual next generation array,235,4
Mandatory user-facing data-warehouse,329,2
Configurable multi-tasking function,261,1
Re-contextualized 5th generation collaboration,344,7
Phased static product,839,7
Multi-channelled disintermediate monitoring,454,3
Cross-group multi-tasking synergy,833,4
De-engineered content-based moratorium,557,4
Customizable coherent forecast,935,7
Team-oriented coherent complexity,219,5
Visionary asymmetric neural-net,286,3
Down-sized cohesive data-warehouse,968,4
Versatile tertiary challenge,181,4
Horizontal web-enabled groupware,415,1
Synchronised transitional ability,354,8
Digitized coherent forecast,887,7
Upgradable bottom-line architecture,107,1
Extended modular concept,14,4
Triple-buffered intermediate product,591,3
Business-focused tangible leverage,903,3
Triple-buffered user-facing initiative,621,2
Diverse real-time paradigm,214,6
Profound even-keeled neural-net,945,5
Visionary bifurcated firmware,81,7
Optional executive definition,988,4
Advanced grid-enabled implementation,96,1
Distributed transitional focus group,480,7
Optional 4th generation local area network,339,7
Switchable high-level contingency,727,8
Open-architected cohesive hierarchy,236,3
Profound discrete info-mediaries,720,4
Re-engineered non-volatile strategy,817,3
Implemented object-oriented knowledge user,956,8
Configurable disintermediate benchmark,250,8
Fundamental 24 hour hierarchy,393,5
Stand-alone analyzing task-force,225,8
Face to face heuristic interface,480,7
Persevering leading edge instruction set,222,4
Robust client-driven analyzer,105,4
Decentralized interactive functionalities,86,5
Grass-roots asymmetric interface,479,6
Synchronised multi-state conglomeration,668,6
Seamless multi-state implementation,347,3
Extended background parallelism,943,2
Secured optimizing model,206,2
Integrated fault-tolerant framework,27,6
Multi-layered solution-oriented firmware,688,3
Streamlined needs-based support,683,6
Optimized next generation Graphic Interface,128,7
Decentralized multi-state installation,636,8
Polarised high-level definition,63,2
Organic context-sensitive open architecture,378,1
Optimized attitude-oriented collaboration,914,5
Devolved exuding intranet,782,4
Mandatory national alliance,369,2
User-friendly upward-trending standardization,12,4
Proactive incremental collaboration,455,1
Cloned zero administration support,972,5
Quality-focused even-keeled analyzer,737,5
Innovative executive secured line,914,7
Optional executive contingency,55,5
Reverse-engineered web-enabled groupware,246,5
Profit-focused holistic protocol,943,1
Up-sized secondary support,713,1
Optimized bandwidth-monitored parallelism,587,5
Organized tangible monitoring,530,1
Organic 24/7 budgetary management,166,8
Devolved eco-centric local area network,303,6
Optimized clear-thinking standardization,124,1
Decentralized client-driven installation,214,3
Robust hybrid architecture,419,1
Enhanced scalable capability,732,6
Operative 3rd generation service-desk,57,8
Expanded 24/7 challenge,845,8
Optional multi-tasking workforce,437,4
Versatile well-modulated methodology,996,1
Inverse high-level approach,701,5
Synergized well-modulated firmware,147,2
Re-contextualized intermediate customer loyalty,88,3
Enterprise-wide 4th generation system engine,524,6
Mandatory client-driven open system,313,3
Synergized multimedia methodology,245,3
Switchable executive algorithm,361,8
Managed national capacity,337,2
Fully-configurable zero defect collaboration,157,7
Re-contextualized responsive synergy,88,8
Digitized fresh-thinking open system,71,5
Polarised dedicated frame,118,1
Organized bandwidth-monitored process improvement,746,6
Profound radical local area network,918,3
Vision-oriented object-oriented functionalities,966,7
Polarised local array,491,3
Proactive 4th generation info-mediaries,522,6
Intuitive neutral info-mediaries,830,3
Future-proofed non-volatile methodology,364,3
Pre-emptive mission-critical moratorium,47,6
Visionary system-worthy intranet,495,3
Front-line radical algorithm,765,6
Progressive transitional instruction set,20,6
Innovative logistical analyzer,648,5
Ameliorated content-based concept,909,8
Customer-focused human-resource pricing structure,416,4
Customizable asymmetric core,683,5
Synchronised demand-driven budgetary management,229,6
Reverse-engineered holistic challenge,839,4
Pre-emptive bottom-line functionalities,63,1
Expanded background local area network,594,7
Object-based static workforce,553,1
Synchronised zero defect methodology,178,1
Reverse-engineered local superstructure,408,7
Business-focused 24 hour customer loyalty,798,2
Face to face user-facing collaboration,213,6
Reverse-engineered leading edge algorithm,56,5
Grass-roots 24 hour leverage,424,2
Open-architected multi-state ability,46,7
Streamlined foreground parallelism,118,4
Exclusive upward-trending concept,746,7
Down-sized exuding initiative,863,5
De-engineered intangible protocol,94,7
Monitored upward-trending analyzer,187,5
Future-proofed national core,419,6
Quality-focused empowering monitoring,401,5
Up-sized bandwidth-monitored portal,676,7
Quality-focused cohesive matrix,463,1
Persistent cohesive alliance,844,8
Programmable zero defect local area network,699,8
Polarised logistical protocol,117,8
Vision-oriented upward-trending internet solution,989,2
Universal solution-oriented database,707,6
Up-sized optimizing capability,452,3
Operative intangible function,777,2
Optimized modular extranet,830,1
Synergistic composite migration,134,2
Synergized web-enabled archive,635,7
Seamless systematic knowledge base,597,1
Synchronised asynchronous customer loyalty,749,8
Robust logistical knowledge base,977,7
Advanced well-modulated middleware,537,8
Extended neutral task-force,216,5
Open-architected interactive initiative,937,7
Synchronised value-added leverage,444,3
Grass-roots optimizing utilisation,43,4
Versatile bottom-line capacity,488,8
Multi-layered encompassing capability,928,5
Synergized leading edge collaboration,512,2
Realigned hybrid middleware,423,1
Phased zero administration neural-net,510,4
Programmable context-sensitive flexibility,796,6
Programmable disintermediate middleware,431,2
Inverse intermediate approach,883,2
Exclusive responsive methodology,36,3
Object-based impactful alliance,795,8
Assimilated exuding encryption,38,5
Secured regional access,884,2
Persevering client-driven intranet,210,5
Fully-configurable demand-driven service-desk,128,7
Upgradable bifurcated artificial intelligence,331,4
Multi-lateral tangible superstructure,545,2
Pre-emptive user-facing projection,839,4
Phased 24 hour model,231,6
Cloned mobile initiative,229,7
Right-sized asynchronous project,971,6
Focused 4th generation archive,693,7
Networked didactic focus group,706,2
Customer-focused tangible productivity,972,5
Innovative scalable infrastructure,909,8
Synergized secondary project,27,3
Multi-lateral attitude-oriented success,741,2
Grass-roots modular throughput,210,5
Versatile executive project,787,6
Exclusive uniform neural-net,271,2
Quality-focused context-sensitive extranet,573,1
Configurable analyzing infrastructure,15,7
Adaptive multi-state hardware,998,6
Reverse-engineered background success,725,4
Switchable clear-thinking hierarchy,875,4
Networked clear-thinking encoding,297,1
Devolved incremental encryption,65,8
Expanded background function,114,4
Inverse uniform capability,632,2
Organic contextually-based middleware,264,4
Profound exuding array,102,5
Customizable impactful synergy,954,2
Object-based web-enabled initiative,732,3
Profound modular knowledge base,58,3
Proactive human-resource alliance,728,2
Extended zero tolerance instruction set,957,5
Monitored modular circuit,524,5
Proactive methodical model,282,2
Synergized needs-based infrastructure,588,1
Devolved executive emulation,823,7
Managed heuristic website,253,5
Diverse multi-state pricing structure,405,3
Innovative multi-state help-desk,483,8
Switchable needs-based superstructure,498,6
Exclusive client-server migration,368,3
Pre-emptive 3rd generation definition,380,2
Monitored neutral contingency,681,2
De-engineered coherent array,177,8
Ergonomic value-added Graphical User Interface,283,5
Automated local internet solution,543,2
Visionary bottom-line knowledge base,995,3
Persevering global intranet,91,3
Advanced dynamic contingency,45,4
Visionary background software,489,6
User-centric disintermediate task-force,662,7
Streamlined scalable methodology,388,3
Secured eco-centric ability,415,7
Automated leading edge conglomeration,411,1
Up-sized methodical analyzer,492,2
Focused next generation complexity,197,6
Advanced disintermediate model,845,8
Horizontal logistical database,174,6
Multi-lateral mobile system engine,402,8
Seamless bifurcated toolset,864,5
Quality-focused heuristic adapter,523,6
Secured zero administration website,815,4
Cloned fresh-thinking function,123,5
Ergonomic interactive projection,712,4
Business-focused uniform parallelism,926,7
Programmable needs-based hub,635,8
Stand-alone reciprocal open system,122,5
Horizontal maximized frame,159,2
Persevering static success,277,4
User-friendly scalable website,969,2
Secured 4th generation structure,901,4
Reduced coherent monitoring,478,7
Proactive systemic monitoring,555,3
Optional exuding methodology,230,1
Open-source asynchronous toolset,735,7
De-engineered high-level software,982,2
Face to face composite monitoring,308,7
Networked context-sensitive methodology,227,5
Networked global parallelism,488,6
Triple-buffered discrete instruction set,27,4
Up-sized actuating extranet,677,6
Reduced bi-directional circuit,118,2
Fundamental optimizing website,853,1
Decentralized eco-centric paradigm,691,3
Profit-focused neutral complexity,434,5
Progressive zero administration portal,691,1
Self-enabling 4th generation moderator,266,8
Optimized responsive workforce,131,1
Virtual asynchronous implementation,599,2
Fully-configurable incremental initiative,226,2
Organized mobile support,847,6
Advanced static service-desk,361,6
Innovative zero defect synergy,819,3
Pre-emptive radical challenge,934,5
Front-line attitude-oriented frame,45,2
Triple-buffered multimedia paradigm,349,6
Implemented real-time functionalities,638,3
Compatible intangible synergy,648,8
Virtual methodical methodology,794,6
Proactive cohesive data-warehouse,964,1
Grass-roots dedicated system engine,312,1
Cloned impactful project,213,1
Reactive multi-state ability,932,4
Digitized 24 hour paradigm,820,3
Customizable encompassing throughput,630,6
Enhanced homogeneous open architecture,907,5
Fundamental homogeneous orchestration,275,6
Monitored executive architecture,14,8
Triple-buffered uniform core,251,2
Balanced attitude-oriented moratorium,87,2
Innovative dynamic protocol,60,1
Programmable encompassing concept,693,3
Streamlined analyzing middleware,917,6
Stand-alone regional Graphical User Interface,903,6
Total maximized internet solution,691,6
Persevering contextually-based support,13,7
Down-sized tertiary customer loyalty,379,4
Extended dedicated orchestration,446,7
Triple-buffered analyzing infrastructure,280,1
Organized directional initiative,573,3
Balanced reciprocal protocol,871,6
Distributed cohesive time-frame,876,5
Upgradable cohesive projection,825,6
Extended multi-tasking intranet,911,8
Switchable discrete instruction set,435,4
Phased upward-trending challenge,284,1
Profit-focused didactic internet solution,218,1
Profit-focused optimizing capability,999,7
Self-enabling dedicated complexity,329,3
Adaptive optimizing adapter,816,2
Optional 5th generation collaboration,598,3
Synergized secondary application,993,1
Persevering reciprocal focus group,477,6
Exclusive user-facing focus group,817,3
Inverse hybrid focus group,543,3
Object-based system-worthy utilisation,972,8
Automated 4th generation local area network,913,7
Multi-tiered mobile software,836,6
Balanced heuristic complexity,953,2
Open-source fresh-thinking orchestration,979,6
Object-based maximized implementation,386,8
Self-enabling 3rd generation neural-net,158,3
Self-enabling disintermediate intranet,737,3
Cross-group mobile policy,941,5
Automated neutral function,942,6
Object-based systematic info-mediaries,197,6
Upgradable zero administration Graphic Interface,244,5
Horizontal bifurcated array,449,3
Intuitive composite pricing structure,622,3
Polarised non-volatile application,618,5
Grass-roots actuating array,224,5
Vision-oriented encompassing concept,39,2
Fully-configurable systematic policy,155,7
Diverse reciprocal groupware,41,5
Centralized zero tolerance process improvement,797,4
Enterprise-wide fault-tolerant standardization,142,8
Object-based web-enabled infrastructure,657,1
Realigned transitional Graphic Interface,466,3
Configurable encompassing access,412,7
Implemented hybrid standardization,858,6
Distributed background database,154,7
Polarised full-range capability,264,4
Optimized stable emulation,974,8
Managed 4th generation hardware,244,5
Front-line asynchronous intranet,597,7
Business-focused well-modulated local area network,549,3
Diverse next generation array,633,7
Automated systemic portal,878,7
Front-line empowering synergy,579,4
Distributed 24 hour architecture,438,1
Centralized demand-driven approach,188,4
Reactive executive contingency,95,1
Organized multi-tasking initiative,928,3
Right-sized reciprocal moderator,42,5
Mandatory dynamic analyzer,738,5
Configurable national installation,698,6
Pre-emptive exuding emulation,583,1
Realigned leading edge task-force,901,6
Organic intangible product,794,2
Optional client-server matrices,381,4
Self-enabling zero tolerance hierarchy,855,4
Enhanced dedicated hub,985,6
Phased methodical local area network,440,6
Horizontal 24/7 encryption,650,1
De-engineered holistic utilisation,619,1
Pre-emptive client-server algorithm,312,5
Public-key multi-state circuit,97,1
Multi-tiered even-keeled product,26,5
Assimilated empowering solution,63,8
Integrated motivating moderator,458,3
Cloned actuating instruction set,146,1
Cloned user-facing interface,394,2
De-engineered 4th generation architecture,609,6
Enhanced 24 hour matrices,441,8
Self-enabling optimal superstructure,51,1
Streamlined responsive attitude,241,3
Reduced neutral help-desk,181,4
De-engineered optimizing structure,197,4
Monitored reciprocal knowledge user,917,6
Cross-group client-driven knowledge base,903,8
Multi-lateral incremental contingency,702,8
Triple-buffered motivating matrix,260,3
Future-proofed systemic knowledge user,183,2
Sharable user-facing database,667,1
Cloned user-facing support,556,7
Front-line full-range implementation,784,5
Robust leading edge internet solution,509,4
Reactive exuding standardization,287,4
Re-contextualized impactful approach,847,8
Adaptive user-facing interface,995,6
Centralized stable conglomeration,160,6
Vision-oriented intangible knowledge user,106,4
Enterprise-wide clear-thinking solution,630,2
Implemented bifurcated conglomeration,37,1
Ergonomic empowering solution,431,7
Progressive scalable extranet,624,1
Diverse composite data-warehouse,388,7
Devolved modular initiative,300,6
Robust hybrid functionalities,715,5
Advanced bi-directional implementation,687,7
Vision-oriented asymmetric throughput,989,2
Up-sized actuating interface,233,3
Reverse-engineered content-based help-desk,209,5
Managed web-enabled access,208,2
Customizable modular protocol,980,6
Self-enabling multi-tasking product,543,1
Configurable real-time flexibility,587,2
Implemented disintermediate contingency,673,7
Diverse cohesive local area network,306,1
Inverse non-volatile projection,420,5
Versatile object-oriented contingency,232,6
Profit-focused background capability,77,6
Digitized demand-driven ability,236,1
Persistent secondary parallelism,515,5
Balanced grid-enabled open architecture,443,2
Re-engineered next generation portal,961,1
User-friendly web-enabled Graphic Interface,291,3
De-engineered needs-based standardization,849,2
Monitored real-time forecast,182,5
Centralized 6th generation installation,434,3
Profound explicit secured line,832,2
Realigned national superstructure,609,8
Optimized even-keeled matrix,795,8
Ameliorated scalable info-mediaries,923,1
Re-contextualized modular hub,676,6
Cross-group actuating throughput,625,8
Triple-buffered intangible open architecture,687,8
Progressive value-added orchestration,423,6
Customer-focused analyzing synergy,320,2
Managed interactive synergy,566,3
Switchable incremental forecast,751,7
Organized asynchronous intranet,513,6
Robust 6th generation standardization,337,4
Progressive heuristic architecture,377,5
Right-sized 3rd generation artificial intelligence,405,3
Secured demand-driven success,649,7
Cloned transitional toolset,680,6
Self-enabling radical info-mediaries,285,5
User-friendly value-added superstructure,813,8
Ergonomic user-facing software,768,6
Synchronised well-modulated support,669,1
Fundamental systemic instruction set,698,7
Sharable well-modulated workforce,207,4
Vision-oriented intermediate customer loyalty,967,3
Profound background challenge,881,3
Organic scalable system engine,465,4
Universal high-level definition,913,5
Stand-alone web-enabled circuit,610,7
Focused homogeneous algorithm,191,2
Profound 4th generation framework,854,4
Intuitive analyzing challenge,553,2
Monitored 24 hour matrices,419,4
Enterprise-wide directional productivity,84,8
Universal logistical analyzer,916,1
Adaptive demand-driven secured line,878,8
Automated multimedia budgetary management,811,8
Compatible exuding intranet,937,3
Sharable discrete software,4,2
Fundamental exuding extranet,175,8
Public-key transitional neural-net,576,8
Extended stable support,454,4
Vision-oriented intermediate website,117,4
De-engineered motivating architecture,427,4
Mandatory analyzing artificial intelligence,10,5
Open-architected secondary function,985,1
User-centric systemic matrices,122,1
Reverse-engineered upward-trending customer loyalty,427,7
Proactive static standardization,236,7
Sharable client-driven help-desk,781,2
Future-proofed context-sensitive forecast,111,6
Polarised human-resource software,617,3
Phased coherent focus group,374,6
Ergonomic client-server alliance,502,2
Face to face national portal,260,3
Managed reciprocal projection,738,1
Customer-focused global definition,883,6
Pre-emptive maximized support,189,7
Expanded 24/7 throughput,343,4
Switchable interactive data-warehouse,626,3
Sharable bifurcated ability,789,5
Distributed global structure,146,4
Multi-tiered content-based paradigm,111,7
Synchronised actuating moratorium,355,8
Organized interactive time-frame,238,3
Cross-group systemic product,817,8
Programmable well-modulated customer loyalty,318,5
Mandatory disintermediate paradigm,772,3
Compatible national leverage,420,8
Progressive user-facing orchestration,20,6
Ameliorated stable synergy,50,1
Triple-buffered disintermediate solution,862,7
Optimized neutral service-desk,995,5
Compatible upward-trending intranet,413,5
Re-engineered 5th generation matrix,380,7
Universal zero administration internet solution,506,7
Customer-focused high-level model,692,5
Secured hybrid infrastructure,685,5
Monitored discrete groupware,725,1
Upgradable 6th generation workforce,449,7
Enterprise-wide local open system,632,2
Distributed impactful frame,87,3
Extended 6th generation matrices,377,4
Pre-emptive systemic algorithm,45,6
Vision-oriented leading edge implementation,866,5
Synchronised intermediate moratorium,401,3
Function-based client-server attitude,698,1
Optimized fresh-thinking contingency,884,1
Exclusive content-based benchmark,221,4
Stand-alone demand-driven knowledge base,938,3
Monitored leading edge time-frame,672,5
Compatible neutral neural-net,830,7
Universal fault-tolerant complexity,554,6
Assimilated even-keeled website,44,4
Reactive non-volatile firmware,824,4
Enhanced bandwidth-monitored website,900,3
Profit-focused foreground protocol,319,2
Virtual background info-mediaries,310,2
Integrated web-enabled customer loyalty,645,3
Integrated radical approach,191,4
Customizable multi-tasking capacity,159,2
Enhanced zero administration service-desk,175,8
Inverse disintermediate encryption,486,7
Managed multi-tasking open architecture,941,5
Open-source logistical product,627,4
Adaptive heuristic leverage,652,7
Adaptive client-server initiative,753,3
Adaptive background approach,929,3
Horizontal fresh-thinking budgetary management,967,1
Vision-oriented hybrid task-force,780,2
Expanded 5th generation alliance,984,2
Multi-lateral bifurcated open system,66,4
Multi-tiered coherent interface,688,3
Digitized dynamic open architecture,256,8
Public-key analyzing superstructure,97,5
Compatible content-based protocol,438,8
Multi-lateral tertiary hardware,698,6
Universal asymmetric application,418,7
Organized regional solution,610,8
Intuitive homogeneous workforce,283,7
Customizable heuristic monitoring,567,1
Multi-tiered grid-enabled moratorium,15,4
Multi-channelled 4th generation hardware,798,3
Total fresh-thinking concept,169,8
Triple-buffered didactic complexity,933,6
Ameliorated non-volatile algorithm,151,3
User-friendly dedicated success,592,8
Balanced value-added toolset,784,5
Open-architected cohesive throughput,789,3
Reactive attitude-oriented interface,944,5
Business-focused zero administration flexibility,948,1
Fully-configurable incremental implementation,446,8
Multi-tiered heuristic neural-net,869,3
Optimized tangible workforce,217,4
Future-proofed global service-desk,739,8
Assimilated zero tolerance collaboration,714,4
Diverse maximized system engine,552,8
Proactive methodical project,157,6
Quality-focused fresh-thinking standardization,626,1
Organic radical neural-net,539,1
Balanced object-oriented collaboration,216,3
Digitized scalable initiative,672,6
Proactive real-time algorithm,917,8
Enhanced upward-trending website,98,2
Open-architected responsive pricing structure,209,4
Profit-focused real-time conglomeration,684,3
Phased local extranet,466,5
Reverse-engineered foreground synergy,273,5
Robust explicit throughput,78,1
Open-architected encompassing algorithm,507,7
Self-enabling systematic approach,845,2
Upgradable fresh-thinking complexity,763,2
Polarised background parallelism,580,4
Enhanced intangible capacity,357,6
Multi-layered multi-tasking migration,834,1
Virtual background collaboration,109,3
Assimilated static internet solution,698,1
Open-architected content-based parallelism,718,7
Future-proofed clear-thinking Graphical User Interface,118,6
User-centric impactful function,685,1
Proactive bi-directional synergy,191,3
Exclusive multi-tasking capacity,33,8
Fully-configurable maximized success,247,5
Distributed solution-oriented portal,497,6
Implemented regional analyzer,740,8
Up-sized executive collaboration,537,6
Operative coherent support,18,2
Managed national paradigm,729,7
Inverse client-driven artificial intelligence,674,1
Reverse-engineered interactive pricing structure,159,2
Reduced demand-driven hardware,40,1
Polarised multimedia firmware,358,4
Optional empowering database,10,1
Business-focused empowering utilisation,23,8
Enterprise-wide non-volatile structure,499,1
Customer-focused modular frame,898,5
Streamlined contextually-based artificial intelligence,897,6
Extended system-worthy hardware,598,2
Object-based solution-oriented moratorium,786,7
Mandatory upward-trending middleware,27,3
Realigned transitional model,288,3
Cross-group dynamic architecture,538,1
Programmable regional pricing structure,154,4
Devolved dedicated policy,512,3
Decentralized high-level pricing structure,605,1
Open-architected heuristic artificial intelligence,423,1
Multi-tiered reciprocal ability,283,7
Re-engineered mission-critical info-mediaries,929,4
Profound optimal database,838,8
Reactive contextually-based interface,195,4
Programmable background toolset,517,2
Multi-layered bifurcated support,24,5
Optional impactful capacity,560,3
Configurable grid-enabled help-desk,696,6
Integrated mission-critical complexity,504,2
Multi-lateral zero tolerance moderator,604,5
Grass-roots uniform core,470,3
Managed 5th generation definition,895,5
Customizable optimal superstructure,598,3
Proactive fault-tolerant projection,389,7
Triple-buffered multi-state project,770,1
Front-line national service-desk,302,7
Re-engineered grid-enabled superstructure,406,1
Cross-platform zero defect customer loyalty,362,1
Triple-buffered human-resource emulation,943,8
Triple-buffered 3rd generation alliance,826,3
Multi-lateral asymmetric system engine,195,6
Operative radical paradigm,846,3
Profound full-range approach,316,7
User-friendly uniform infrastructure,542,5
Customer-focused zero defect neural-net,504,4
Persevering didactic intranet,35,2
Digitized tangible firmware,181,1
Open-architected static moratorium,889,4
Secured 3rd generation budgetary management,413,7
Multi-lateral leading edge moderator,269,7
Decentralized mission-critical task-force,85,8
Total 3rd generation model,462,7
De-engineered 5th generation moratorium,505,1
Mandatory incremental extranet,567,6
Intuitive secondary matrix,402,8
Enterprise-wide heuristic middleware,348,6
Robust upward-trending task-force,6,1
Virtual national synergy,160,8
Multi-lateral directional framework,954,1
Focused logistical benchmark,961,3
Multi-lateral zero tolerance internet solution,990,2
Reverse-engineered analyzing architecture,369,6
Pre-emptive fresh-thinking benchmark,710,4
Configurable bifurcated moratorium,331,2
Balanced 3rd generation protocol,176,1
Inverse tertiary moderator,832,2
Synergistic mission-critical strategy,547,5
Persistent user-facing data-warehouse,726,5
Customizable background initiative,407,2
Upgradable background help-desk,823,7
Optional next generation archive,136,7
Intuitive solution-oriented hierarchy,53,2
Expanded incremental attitude,240,3
Digitized holistic access,442,7
Re-contextualized optimal circuit,733,6
Multi-tiered composite alliance,97,1
Multi-lateral bottom-line instruction set,277,8
Reverse-engineered incremental groupware,113,7
Customizable national analyzer,412,7
Synergistic object-oriented open architecture,500,4
Face to face leading edge superstructure,764,7
Stand-alone reciprocal implementation,838,7
Horizontal fault-tolerant parallelism,344,1
Upgradable multi-state customer loyalty,183,2
Reactive dedicated database,662,4
Versatile client-server time-frame,160,7
Switchable asynchronous ability,187,1
Adaptive optimal time-frame,138,2
Pre-emptive didactic challenge,380,1
Open-source 24 hour projection,357,3
Ameliorated uniform strategy,732,1
